{
    "Logistic Regression": {
        "accuracy": 0.6513965400599208,
        "classification_report": {
            "0": {
                "precision": 0.6442750797589507,
                "recall": 0.6943648519579751,
                "f1-score": 0.6683828261469155,
                "support": 5235.0
            },
            "1": {
                "precision": 0.6599362380446334,
                "recall": 0.6073943661971831,
                "f1-score": 0.6325761434246715,
                "support": 5112.0
            },
            "accuracy": 0.6513965400599208,
            "macro avg": {
                "precision": 0.6521056589017921,
                "recall": 0.6508796090775791,
                "f1-score": 0.6504794847857935,
                "support": 10347.0
            },
            "weighted avg": {
                "precision": 0.6520125728638516,
                "recall": 0.6513965400599208,
                "f1-score": 0.6506923108211098,
                "support": 10347.0
            }
        }
    },
    "Decision Tree": {
        "accuracy": 0.5965014013723785,
        "classification_report": {
            "0": {
                "precision": 0.6080309824704444,
                "recall": 0.5698185291308501,
                "f1-score": 0.5883049008973474,
                "support": 5235.0
            },
            "1": {
                "precision": 0.5861054953133615,
                "recall": 0.6238262910798122,
                "f1-score": 0.6043779020183834,
                "support": 5112.0
            },
            "accuracy": 0.5965014013723785,
            "macro avg": {
                "precision": 0.597068238891903,
                "recall": 0.5968224101053312,
                "f1-score": 0.5963414014578654,
                "support": 10347.0
            },
            "weighted avg": {
                "precision": 0.5971985585459244,
                "recall": 0.5965014013723785,
                "f1-score": 0.5962458675283261,
                "support": 10347.0
            }
        }
    },
    "Random Forest": {
        "accuracy": 0.6477239779646274,
        "classification_report": {
            "0": {
                "precision": 0.6527084133691894,
                "recall": 0.6490926456542503,
                "f1-score": 0.6508955080930945,
                "support": 5235.0
            },
            "1": {
                "precision": 0.6426765220774169,
                "recall": 0.6463223787167449,
                "f1-score": 0.6444942943528723,
                "support": 5112.0
            },
            "accuracy": 0.6477239779646274,
            "macro avg": {
                "precision": 0.6476924677233031,
                "recall": 0.6477075121854976,
                "f1-score": 0.6476949012229833,
                "support": 10347.0
            },
            "weighted avg": {
                "precision": 0.6477520947953476,
                "recall": 0.6477239779646274,
                "f1-score": 0.6477329484487516,
                "support": 10347.0
            }
        }
    },
    "KNN": {
        "accuracy": 0.6308108630520924,
        "classification_report": {
            "0": {
                "precision": 0.6349418271981689,
                "recall": 0.635912129894938,
                "f1-score": 0.6354266081313228,
                "support": 5235.0
            },
            "1": {
                "precision": 0.6265673981191222,
                "recall": 0.6255868544600939,
                "f1-score": 0.6260767423649177,
                "support": 5112.0
            },
            "accuracy": 0.6308108630520924,
            "macro avg": {
                "precision": 0.6307546126586456,
                "recall": 0.6307494921775159,
                "f1-score": 0.6307516752481203,
                "support": 10347.0
            },
            "weighted avg": {
                "precision": 0.6308043881866596,
                "recall": 0.6308108630520924,
                "f1-score": 0.6308072485297124,
                "support": 10347.0
            }
        }
    },
    "Gradient Boosting": {
        "accuracy": 0.6965303952836571,
        "classification_report": {
            "0": {
                "precision": 0.7014035762353393,
                "recall": 0.6968481375358166,
                "f1-score": 0.6991184361824454,
                "support": 5235.0
            },
            "1": {
                "precision": 0.6916051301982122,
                "recall": 0.6962050078247262,
                "f1-score": 0.6938974458958861,
                "support": 5112.0
            },
            "accuracy": 0.6965303952836571,
            "macro avg": {
                "precision": 0.6965043532167758,
                "recall": 0.6965265726802714,
                "f1-score": 0.6965079410391657,
                "support": 10347.0
            },
            "weighted avg": {
                "precision": 0.6965625927481649,
                "recall": 0.6965303952836571,
                "f1-score": 0.6965389733096425,
                "support": 10347.0
            }
        }
    },
    "XGBoost": {
        "accuracy": 0.6825166714989852,
        "classification_report": {
            "0": {
                "precision": 0.6567524115755627,
                "recall": 0.7803247373447947,
                "f1-score": 0.7132256656481886,
                "support": 5235.0
            },
            "1": {
                "precision": 0.7213472255875939,
                "recall": 0.5823552425665102,
                "f1-score": 0.6444420391817296,
                "support": 5112.0
            },
            "accuracy": 0.6825166714989852,
            "macro avg": {
                "precision": 0.6890498185815783,
                "recall": 0.6813399899556525,
                "f1-score": 0.6788338524149591,
                "support": 10347.0
            },
            "weighted avg": {
                "precision": 0.6886658830387408,
                "recall": 0.6825166714989852,
                "f1-score": 0.6792426852194132,
                "support": 10347.0
            }
        }
    },
    "AdaBoost": {
        "accuracy": 0.692761186817435,
        "classification_report": {
            "0": {
                "precision": 0.692005976839746,
                "recall": 0.7077363896848138,
                "f1-score": 0.6997827934649165,
                "support": 5235.0
            },
            "1": {
                "precision": 0.6935709993991588,
                "recall": 0.6774256651017214,
                "f1-score": 0.6854032657100445,
                "support": 5112.0
            },
            "accuracy": 0.692761186817435,
            "macro avg": {
                "precision": 0.6927884881194524,
                "recall": 0.6925810273932675,
                "f1-score": 0.6925930295874805,
                "support": 10347.0
            },
            "weighted avg": {
                "precision": 0.6927791860137789,
                "recall": 0.692761186817435,
                "f1-score": 0.6926784979316309,
                "support": 10347.0
            }
        }
    },
    "Naive Bayes": {
        "accuracy": 0.6216294578138591,
        "classification_report": {
            "0": {
                "precision": 0.5924887892376681,
                "recall": 0.8076408787010506,
                "f1-score": 0.6835340716191092,
                "support": 5235.0
            },
            "1": {
                "precision": 0.6863905325443787,
                "recall": 0.43114241001564946,
                "f1-score": 0.5296167247386759,
                "support": 5112.0
            },
            "accuracy": 0.6216294578138591,
            "macro avg": {
                "precision": 0.6394396608910233,
                "recall": 0.61939164435835,
                "f1-score": 0.6065753981788926,
                "support": 10347.0
            },