{
    "Logistic Regression": {
        "accuracy": 0.6514931864308495,
        "classification_report": {
            "0": {
                "precision": 0.6461510855912435,
                "recall": 0.6878701050620821,
                "f1-score": 0.6663582531458179,
                "support": 5235.0
            },
            "1": {
                "precision": 0.6577293674067868,
                "recall": 0.6142410015649452,
                "f1-score": 0.6352417560186122,
                "support": 5112.0
            },
            "accuracy": 0.6514931864308495,
            "macro avg": {
                "precision": 0.6519402264990151,
                "recall": 0.6510555533135136,
                "f1-score": 0.6508000045822151,
                "support": 10347.0
            },
            "weighted avg": {
                "precision": 0.6518714080654928,
                "recall": 0.6514931864308495,
                "f1-score": 0.6509849533184018,
                "support": 10347.0
            }
        }
    },
    "Decision Tree": {
        "accuracy": 0.6215328114429303,
        "classification_report": {
            "0": {
                "precision": 0.6237103732883137,
                "recall": 0.6351480420248329,
                "f1-score": 0.6293772477758849,
                "support": 5235.0
            },
            "1": {
                "precision": 0.6192185007974481,
                "recall": 0.6075899843505478,
                "f1-score": 0.613349131121643,
                "support": 5112.0
            },
            "accuracy": 0.6215328114429303,
            "macro avg": {
                "precision": 0.6214644370428809,
                "recall": 0.6213690131876903,
                "f1-score": 0.6213631894487639,
                "support": 10347.0
            },
            "weighted avg": {
                "precision": 0.6214911356181383,
                "recall": 0.6215328114429303,
                "f1-score": 0.6214584565961725,
                "support": 10347.0
            }
        }
    },
    "Random Forest": {
        "accuracy": 0.6625108727167295,
        "classification_report": {
            "0": {
                "precision": 0.6717241379310345,
                "recall": 0.6511938872970392,
                "f1-score": 0.6612997090203686,
                "support": 5235.0
            },
            "1": {
                "precision": 0.6536418816388467,
                "recall": 0.6741001564945227,
                "f1-score": 0.6637134052388289,
                "support": 5112.0
            },
            "accuracy": 0.6625108727167295,
            "macro avg": {
                "precision": 0.6626830097849405,
                "recall": 0.662647021895781,
                "f1-score": 0.6625065571295987,
                "support": 10347.0
            },
            "weighted avg": {
                "precision": 0.6627904862285445,
                "recall": 0.6625108727167295,
                "f1-score": 0.6624922107183263,
                "support": 10347.0
            }
        }
    },
    "KNN": {
        "accuracy": 0.6051029283850391,
        "classification_report": {
            "0": {
                "precision": 0.607887323943662,
                "recall": 0.6183381088825215,
                "f1-score": 0.6130681818181818,
                "support": 5235.0
            },
            "1": {
                "precision": 0.6021505376344086,
                "recall": 0.5915492957746479,
                "f1-score": 0.5968028419182948,
                "support": 5112.0
            },
            "accuracy": 0.6051029283850391,
            "macro avg": {
                "precision": 0.6050189307890352,
                "recall": 0.6049437023285846,
                "f1-score": 0.6049355118682382,
                "support": 10347.0
            },
            "weighted avg": {
                "precision": 0.6050530288230567,
                "recall": 0.6051029283850391,
                "f1-score": 0.6050321890117429,
                "support": 10347.0
            }
        }
    },
    "Gradient Boosting": {
        "accuracy": 0.7146032666473374,
        "classification_report": {
            "0": {
                "precision": 0.7075300109130593,
                "recall": 0.7430754536771729,
                "f1-score": 0.7248672319016118,
                "support": 5235.0
            },
            "1": {
                "precision": 0.7226232212827387,
                "recall": 0.6854460093896714,
                "f1-score": 0.7035438209015159,
                "support": 5112.0
            },
            "accuracy": 0.7146032666473374,
            "macro avg": {
                "precision": 0.715076616097899,
                "recall": 0.7142607315334222,
                "f1-score": 0.7142055264015639,
                "support": 10347.0
            },
            "weighted avg": {
                "precision": 0.7149869058014136,
                "recall": 0.7146032666473374,
                "f1-score": 0.7143322674643363,
                "support": 10347.0
            }
        }
    },
    "XGBoost": {
        "accuracy": 0.717309365033343,
        "classification_report": {
            "0": {
                "precision": 0.7130996309963099,
                "recall": 0.7382999044890163,
                "f1-score": 0.7254809948381041,
                "support": 5235.0
            },
            "1": {
                "precision": 0.7219403288004871,
                "recall": 0.6958137715179968,
                "f1-score": 0.7086363183584022,
                "support": 5112.0
            },
            "accuracy": 0.717309365033343,
            "macro avg": {
                "precision": 0.7175199798983984,
                "recall": 0.7170568380035065,
                "f1-score": 0.7170586565982532,
                "support": 10347.0
            },
            "weighted avg": {
                "precision": 0.7174674329848044,
                "recall": 0.717309365033343,
                "f1-score": 0.717158777174604,
                "support": 10347.0
            }
        }
    },
    "AdaBoost": {
        "accuracy": 0.7018459456847396,
        "classification_report": {
            "0": {
                "precision": 0.6936936936936937,
                "recall": 0.7354345749761223,
                "f1-score": 0.7139545665275846,
                "support": 5235.0
            },
            "1": {
                "precision": 0.7112778820095893,
                "recall": 0.6674491392801252,
                "f1-score": 0.6886668685033808,
                "support": 5112.0
            },
            "accuracy": 0.7018459456847396,
            "macro avg": {
                "precision": 0.7024857878516415,
                "recall": 0.7014418571281238,
                "f1-score": 0.7013107175154827,
                "support": 10347.0
            },
            "weighted avg": {
                "precision": 0.7023812718004743,
                "recall": 0.7018459456847396,
                "f1-score": 0.7014610213164384,
                "support": 10347.0
            }
        }
    },
    "Naive Bayes": {
        "accuracy": 0.6225959215231468,
        "classification_report": {
            "0": {
                "precision": 0.5935302390998594,
                "recall": 0.8061127029608405,
                "f1-score": 0.6836776022681248,
                "support": 5235.0
            },
            "1": {
                "precision": 0.6864380599320359,
                "recall": 0.43466353677621283,
                "f1-score": 0.5322793148880105,
                "support": 5112.0
            },
            "accuracy": 0.6225959215231468,
            "macro avg": {
                "precision": 0.6399841495159476,
                "recall": 0.6203881198685266,
                "f1-score": 0.6079784585780676,
                "support": 10347.0
            },